Name ,Description,image,image link,tags
Unawatuna Beach,"Unawatuna is a beautiful beach in Sri lanka. Under the Indian Ocean, off the coast of Unawatuna, there are a number of coral reefs, shipwrecks, and a wide variety of fish and turtles. It is well-known for its tranquil blue seas. The beach's unique selling point is the possibility of seeing a whale shark if you're lucky. Turtles continue to wade onto the beach to deposit their nests and eggs, and at times, as if to stake a claim to the now-invaded sandy shore lined with restaurateurs, they even enter the beachfront eateries.",,https://worlds-exotic-beaches.com/wp-content/uploads/2015/11/unawatuna-beach-sri-lanka-04.jpg," coastal and oceanic landforms, beach, coast, ocean"
Mirissa Beach,"Mirissa is a tiny town on Sri Lanka's south coast, in the Matara District of the Southern Province. It's about 150 kilometers (93 miles) south of Colombo, and it's at a height of 4 meters (13 feet) above sea level. Mirissa is one of Sri Lanka's most popular beach resorts, and with good reason! Beautiful Sri Lankan beaches, amazing surfing waves, and waterways abounding with marine life, from turtles to enormous blue whales, abound in this area.",,https://image.geo.de/30127508/t/8b/v3/w1440/r0/-/mirissa-sri-lanka-03749192-m-jpg--72283-.jpg,"coastal and oceanic landforms, beach, coast, ocean"
Weligama Beach,"Weligama is a prominent beach resort and a bustling fishing village on Sri Lanka's idyllic southern coast. The Sinhala name for this city is 'Sandy Village.' Its name is true to its name, with a 2-kilometer-long sandy beach. Weligama (in the Matara region) is another wonderful site for surfing in Sri Lanka, much like the other southern beach resorts. It's a great place for first-time surfers to learn how to ride waves. It's a little village surrounded by coconut and rubber plantations, not just a beach resort.",,https://duqjpivknq39s.cloudfront.net/2018/12/Mob2.jpg," coastal and oceanic landforms, beach, coast, ocean"
Hikkaduwa Beach,Hikkaduwa is one of the best surf spots in Sri Lanka and offers a base for clear water. Wave sizes are 4 to 11 feet. Surfing in the Hikkaduwa area is very well known and is best done during the dry season from November to March. Hikkaduwa has four hotspots. Scuba diving and clear water diving are the main pastimes along this stretch and the most ecological way to see colorful fish playing darts.,,https://destinationlesstravel.com/wp-content/uploads/2019/04/DSC_8611.jpg.webp," coastal and oceanic landforms, beach, coast, ocean"
Koggala Beach,"Koggala is a tiny coastal town on Sri Lanka's south coast, situated on the edge of a lagoon and managed by an Urban Council. It is located in Galle District, Southern Province, Sri Lanka. Koggala is bordered on one side by a reef and on the other by Koggala Lake, a vast lake into which the Koggala Oya's numerous tributaries flow. It's about 139 kilometers (86 miles) south of Colombo and sits at a height of 3 meters (9.8 feet) above sea level.",,https://images.app.goo.gl/zDHdqpLQFCXTTNCQ7," coastal and oceanic landforms, beach, coast, ocean"
Negambo Beach,"Negombo is a large city in Sri Lanka, located on the west coast at the mouth of the Negombo Lagoon in Western Province, 38 kilometers (24 miles) west of Colombo via the Colombo-Katunayake Expressway. Negombo is noted for its large stretches of sandy coastline and a fishing activity that dates back generations. Negombo has a sizable bilingual (Sinhala/Tamil) population that is overwhelmingly Roman Catholic.",,https://nerdnomads.com/wp-content/uploads/DSC81411.jpg," coastal and oceanic landforms, beach, coast, ocean"
Arugam bay Beach,"Arugam Bay (Tamil: ), also known as ""Arugam Kudah,"" is a historic village of the ancient Batticaloa Territory, located on the Indian Ocean in the arid zone of Sri Lanka's southeast coast (Mattakallappu Desam). The bay is about 4 kilometers (2.5 miles) south of the market town of Pottuvil, 117 kilometers (73 miles) south of Batticaloa, 320 kilometers (200 miles) due east of Colombo, and 320 kilometers (200 miles) due east of Colombo. The main town in the area, known locally as Ullae, is primarily Muslim,[1], but to the south of the hamlet, there is a considerable Sri Lankan Tamil and Sinhala population.",,https://i.pinimg.com/originals/4c/90/c3/4c90c31c330fc381747c81d24de6a0cd.jpg,"shore, coastal and oceanic landforms, beach, coast, ocean"
Uppuweli Beach,"Uppuveli is a gold-sand seaside resort town in the Trincomalee District of Sri Lanka, located 6 kilometers northwest of the city of Trincomalee in the suburb of Sambalativu. The island's most popular tourist site, along with neighbouring Nilaveli, saw a drop in visitors during the 2004 Indian Ocean Tsunami and Sri Lankan Civil War, but has since rebounded. The Salli Muthumariamman Kovil is located on its coast.",,https://www.trawell.in/admin/images/upload/685870490Uppuveli_Beach.jpg,"coastal and oceanic landforms, beach, coast, ocean"
Trincomalee Beach,"Trincomalee Bay is open to the northeast and is divided into three sections. The major bay, also known as Koddiyar Bay, is located on the Indian Ocean's southern and southeastern shores, and is fairly consistently shaped, enclosed, and deep, producing a vast natural port. The commercial harbour is located in China Bay, a 5 km (3 mi) long and 4 km (2 mi) wide northern depression with China Bay Airport on its western side. Tambalagam Bay is an 8-kilometer-long, largely shallow western depression of the main bay (5 mi).",,https://upload.wikimedia.org/wikipedia/commons/thumb/1/1a/Trincomalee_Beach.JPG/800px-Trincomalee_Beach.JPG," coastal and oceanic landforms, beach, coast, ocean"
Polhena Beach,"Another gorgeous beach in Sri Lanka is Polhena. Polhena is located in Dondra Bay in the southern coast of Sri Lanka, roughly 6 kilometers (4 miles) south of Matara and 160 kilometers (100 miles) south of Colombo. The name Polhena is derived from the Sinhalese word ""Pol"" which means ""Coconut Field."" Polhena Beach is a modest beach in comparison to other well-known beaches. The peaceful water of Polhena is well-known among both locals and visitors.",,https://www.holidify.com/images/cmsuploads/compressed/37474636774_beddef8d21_b_20190724213220.jpg," coastal and oceanic landforms, beach, coast, ocean"
Mount Lavinia Beach,"Mount Lavinia is a suburb of Colombo, Sri Lanka, inside the Dehiwala-Mount Lavinia municipal limits. Sri Lanka has yet another lovely beach. The area, known as Colombo's beach hideaway, is recognized for its ""Golden Mile"" of beaches[1][2] and has long been a popular tourist and nightlife destination. It is one of Sri Lanka's most liberal regions, and since 2005, it has hosted the island's annual Gay Pride and Rainbow Kite Festival.",,https://cdn.newsfirst.lk/english-uploads/2020/06/c7a5d2ac-92347098-new-project-1_850x460_acf_cropped.jpg," coastal and oceanic landforms, beach, coast, ocean"
Kalpitiya Beach,"Kalpitiya is a group of 14 islands in Sri Lanka's North Western Province that is known for its scenic shoreline. The cluster of islands, as well as the surrounding lagoon, offer enormous potential for future development. The furthest northernmost beach, Kalpitiya Beach, offers a variety of activities as well as dolphin and whale watching. The beach is a lengthy spit of sand that may easily be reached by boat from the Kalpitiya lagoon.",,https://www.bestoflanka.com/images/best-things-to-do-in-sri-lanka/beach-destinations-sri-lanka/beach-kalpitiya-sri-lanka/thumb/05.jpg," coastal and oceanic landforms, beach, coast, ocean"
Tangalle Beach,"Tangalle is another lovely beach in Sri Lanka's south. Tangalle is a major fishing port in the region, located on one of Sri Lanka's largest bays, which is sheltered from the sea by a reef. It is a tourist hotspot and a popular vacation spot on the south coast. There is a historic Dutch fort in the town center that is now utilized as a prison. [3][4] Tangalle was a major anchorage on the island's southern shore for the Dutch and later the British. Tangalle's Dutch Fort, Rest House, and Court House are some of the few intact specimens of Dutch architecture.",,https://deih43ym53wif.cloudfront.net/tropical-paradise_f701a42db6.jpeg,"coastal and oceanic landforms, beach, coast, ocean"
Pasikuda Beach,"Pasikudah or Pasikuda (Pronounced Paasikkudah - old Tamil translation ""Green-Algae-Bay"") is a beach tourist town in Sri Lanka's Batticaloa District, 35 kilometers northwest of Batticaloa. Historically a small Tamil village adjacent to Kalkudah, it was a famous tourist attraction before being devastated by the 2004 Indian Ocean tsunami and the Sri Lankan Civil War. The Pasikudah Mariamman shrine is located here. Trincomalee and Batticaloa are both easily accessible from Pasikudah.",,https://overatours.com/wp-content/uploads/2020/09/DSC_9714-1.jpg," coastal and oceanic landforms, beach, coast, ocean"
Bentota Beach,"The Bentota Beach, arguably one of Sri Lanka's most famous seashores, has long been a favorite of visitors from all over the world. Bentota Beach is best visited between the months of October and April, and is known for its lengthy stretch of white sand and various safe pockets for wading in the ocean. The famous shoreline is also known for its water activities, which include everything from wind surfing to jet skiing and even waterboarding from the Bentara River.",,https://i.pinimg.com/originals/fc/bc/f1/fcbcf14248776e16be8e7c65cc0aacb0.jpg," coastal and oceanic landforms, beach, coast, ocean"
Dikwella Beach,"Dickwella Beach is in the town of Dickwella in Sri Lanka, which is a major market-oriented little town. Although it is not a well-known beach in the country. For families and large parties, the beach is the ideal location. The reason for this is the beach's uniqueness: sandbars, reefs, and other natural structures keep swimmers from mistakenly straying too far out into the sea.",,https://www.charlotteplansatrip.com/wp-content/uploads/2019/12/Tangalle-bay-beach.jpg," coastal and oceanic landforms, beach, coast, ocean"
Induruwa Beach,"One of our favorite beaches is Induruwa Beach, a lesser-known destination. It is the ideal site to get a true sense of a stunning perspective thanks to a golden length of undisturbed sand. The Induruwa Beach, located away from the hustle and bustle of its neighboring towns, is a perfect place for families, friends, and couples to relax and enjoy the sun while frolicking in the cool waves.",,https://www.bestoflanka.com/images/best-things-to-do-in-sri-lanka/beach-destinations-sri-lanka/beach-induruwa-sri-lanka/thumb/02.jpg," coastal and oceanic landforms, beach, coast, ocean"
Aberdeen falls,"Aberdeen Falls is a 98 m (322 ft) high waterfall on the Kehelgamu Oya near Ginigathena, in the Nuwara Eliya
District of Sri Lanka. Aberdeen is named after Aberdeen, the third largest city in Scotland and the capital of Aberdeenshire. This waterfall is covered with a big stone complex behind. The waterfall is ranked as the 18th
highest on the Island.",,https://api.travelql.com/images/9b45ffc7-df64-4399-af58-c9d3fb136a9c.webp,waterfall
Baker's falls,"Baker's Falls is a famous waterfall in Sri Lanka. It is located in the Horton Plains National Park, on a tributary of the Belihul Oya. The height of the Baker's waterfalls is 20 metres (66 ft). The falls were named after British explorer and big game hunter, Sir Samuel Baker.",,https://api.tripigee.com/images/bff11f65-9a73-4133-be87-f4847d785597.webp,waterfall
Bambarakanda falls,"Bambarakanda Falls is the tallest waterfall in Sri Lanka. With a height of 263 m (863 ft), it ranks as the 461st highest waterfall in the world. The waterfall was formed by Kuda Oya, which is a tributary of the Walawe River. The Bambarakanda Falls can be found in a forest of pine trees.",,https://upload.wikimedia.org/wikipedia/commons/d/d4/Bambarakanda_Falls-Sri_Lanka_%282%29.jpg,waterfall
Bopath ella,"Bopath Ella is a waterfall situated in the Ratnapura District of Sri Lanka. It has a shape very similar to the leaf of the Sacred fig or ""Bo"" tree, which has earned it this name. The waterfall is a major tourist attraction in the country. Local myths say that it is haunted and that it hides a treasure trove.",,https://img.picture.lk/data/photos/JNC06faWnfV.jpg,waterfall
Devon falls,"Devon Falls, known as the 'Veil of the Valley', is a waterfall in Sri Lanka, situated 6 km (3.7 mi) west of Talawakele, Nuwara Eliya District on the A7 highway. The falls is named after a pioneer English coffee planter called Devon, whose plantation was situated nearby the falls. The waterfall is 97 m (318 ft) high and is the 19th highest in the country.",,https://upload.wikimedia.org/wikipedia/commons/thumb/3/39/DevonFalls-Srilanka-April2011.jpg/640px-DevonFalls-Srilanka-April2011.jpg,waterfall
Diyaluma Falls,"Diyaluma Falls is 220 m (720 ft) high and the second highest waterfall in Sri Lanka and 361st highest waterfall in the world. The Falls are formed by Punagala Oya, a tributary of Kuda Oya which in turn, is a tributary of Kirindi Oya.",,https://upload.wikimedia.org/wikipedia/commons/3/3a/Diyaluma_Falls_%28Koslanda%2C_Sri_Lanka%29.jpg,waterfall
Mahaweli River ,"The real beginning of Mahaweli Ganga starts at Polwathura(at Mahawila area), a remote village of Nuwara-Eliya District in bank Nawalapitiya of Kandy District by further joining of Hatton Oya and Kotmale Oya. The river reaches the Bay of Bengal on the southwestern side of Trincomalee Bay. It is the longest river in Sri Lanka.",,https://www.dailynews.lk/sites/default/files/news/2018/06/17/z_p01-Harmful.jpg,river
Deduru oya,"The Deduru Oya is the sixth-longest river of Sri Lanka. It measures approximately 142 km (88 mi) in length. It runs across four provinces and five districts.Its catchment area receives approximately 4,313 million cubic metres of rain per year, and approximately 27 percent of the water reaches the sea. It has a catchment area of 2,616 square kilometers.",,https://www.holidify.com/images/cmsuploads/compressed/DeduruOya-December2012-01_20190724143511.JPG,river
Malwathu oya,"The Malwathu Oya at 164 km (102 mi) long, is the second longest river in Sri Lanka. The river originates in the North Central Province of Sri Lanka and enters the sea on the northwest coast, into the Gulf of Mannar, near Vankalai. It is a seasonal river that spans over 164 kilometers through paddy and forest lands, which are used by the inhabitants to cultivate for their survival.",,https://www.dailynews.lk/sites/default/files/news/2018/09/16/z_p07-Malwathu.jpg,river
Maha oya,"The Maha Oya serves about 1 million people living by the river with water taking the help of 14 water supply systems. The river measures approximately 134 kilometres in length, and is situated in Sabaragamuwa Province of Sri Lanka with its origin point in Nawalapitiya and runs through four provinces and five districts.",,https://upload.wikimedia.org/wikipedia/commons/thumb/7/71/Maha_Oya%2CCrossing_Kotadeniyawa_Road%2CSrilanka.jpg/2560px-Maha_Oya%2CCrossing_Kotadeniyawa_Road%2CSrilanka.jpg,river
Kalu ganga,"With a length of 129 kilometres, the Kalu Ganga river in Sri Lanka originated from Adam's Peak and drained into the sea at Kalutara. Called the Black River, the river flows through Ratnapura and Kalutara districts of Sri Lanka. Sinharaja Rain Forest and the Central Province forests are also considered as the source of water forming the river.",,https://adaderanaenglish.s3.amazonaws.com/1642300859-Kalu-Ganga-drowning.jpg, river
St. Clair’s falls,"Called the “Little Niagara of Sri Lanka,” this waterfall is one of the widest in Sri Lanka and is surrounded by a tea plantation. It consists of two falls: “Maha Ella” which is “the Greater Fall” and “Kuda Ella”, “the Lesser Fall.”",,https://i.ytimg.com/vi/Z-awuMG7qJw/maxresdefault.jpg,waterfall
Gartmore Falls,"Gartmore Falls, also known as “Sri Pada Falls” is located close to Sri Pada Mountain (or Adam’s Peak). Fed by two streams on the Gartmore estate, Gartmore falls drops directly into the Maskeliya reservoir. Gartmore Falls is sometimes mistaken for Moray Falls which is right next to it.",,https://images.hive.blog/p/PB8ro82ZpZP35baDc8f9hoqenj58N83wyHDkra8FJccYXh7arCtEyVzNZFeKRFYzqgSVWd6d9xeDfr7em56FPvYe9ezNbBp3x4Q4VpHHtf2tC8JA/?format=match&height=700&mode=fit,waterfall
Gregory Lake,"Gregory Lake is one of the most ancient lakes in Sri Lanka. It was created by the British Governor, Sir William Gregory, during the British colonialism era in the year 1873. The purpose of creating the lake was to provide electricity. When the lake came into formation, it was mainly utilized for the purpose of leisure and recreation by the Britishers. During that time, it was one of the most prominent attractions in the region.",,"https://img.traveltriangle.com/blog/wp-content/tr:w-700,h-400/uploads/2019/07/Gregory-Lake1.jpg",lake
Bolgoda Lake,"On the list of lakes in Sri Lanka is the largest freshwater lake in Sri Lanka known as Bolgoda Lake. It is also the largest natural lake in Sri Lanka. While you are here at the lake, seep in its rich history and also enjoy a plethora of water activities like Kayaking, Sailing, Yachting, Canoeing, Jet Skiing, and Water Skiing. Go for a relaxing boat ride here and enjoy the natural setting of this picturesque lake.",,http://photos.wikimapia.org/p/00/03/36/47/77_big.jpg,lake
Sembuwatta Lake,"One of the most beautiful lakes in Sri Lanka, Sembuwatta Lake is a famous tourist attraction in Sri Lanka. A man-made lake, it was created from natural spring water. There is a natural swimming pool right alongside the lake. The tourists and locals visit this place to enjoy the beauty of the place and soak in the view of the lush greenery around.",,"https://img.traveltriangle.com/blog/wp-content/tr:w-700,h-400/uploads/2019/07/Sembuwatta-Lake1.jpg",lake
Kandalama Lake,"Amongst the most beautiful lakes in Sri Lanka is the Kandalama Reservoir. It is also known by the name of Kandalama Lake. There is also a catchment area nearby. Due to the beautiful surroundings of the lake comprising of lush green foliage and the year-round water availability at the lake, the place is a prominent tourist attraction in Sri Lanka.",,https://media-cdn.tripadvisor.com/media/photo-s/12/46/a1/7b/kandalama-lake-nice-for.jpg,lake
Kandy Lake,"Kandy Lake in Sri Lanka is one of the most prominent tourist attractions in the entire country. Also known as Kiri Muhuda or the Sea of Milk, it is a beautiful artificial lake. The place is a great spot for a casual stroll or jog. There is a shady path that surrounds the lake. Here, you can catch a great view of the hills and towns around.",,https://www.amayaresorts.com/blog/wp-content/uploads/sites/3/2019/01/Kandy-Lake-Sri-Lanka.jpg,lake
Beira Lake,"One of the most ancient lakes in Sri Lanka, Beira Lake is located right in the center of Colombo in Sri Lanka. The area of the lake used to be about 1.65 km2 (0.64 sq mi) of land around 100 years ago. One can go boating on this lake and enjoy running and jogging at the track surrounding the lake.",,"https://img.traveltriangle.com/blog/wp-content/tr:w-700,h-400/uploads/2019/07/Beira-Lake11.jpg",lake
Dedduwa Lake,"Dedduwa Lake is located to the east of Bentota and is widely known for its beautiful water bodies, marshy lands and the Deduwa Lake. Several boat houses and villas allow visitors to sit back and relax in this peaceful and serene destination.",,https://www.likesrilanka.com/wp-content/uploads/2020/08/16583281_220118038453956_1601833376170377216_n.jpg,lake
"St. Mary’s Church, Negambo","St. Mary's Church is found within the heart of Negombo, on Grand Street. From the time it had been controlled by the Portuguese, the Christian religion has had a robust influence on Negombo. as a result of the city's immense range of churches, it's unremarkably remarked as ""Little Rome."" The church's construction began in 1874 and was completed in 1922, once a prolonged break. The art and design of this church, furthermore as many different similar churches in state, replicate the first twentieth-century cultural fusion of European observe with Sri Lankan art and design.",,https://d3dz4rogqkqh6r.cloudfront.net/wp-content/uploads/2014/10/IMG_8166.jpg,"church, monastery, place of worship"
Thewaththa Church,"The Basilica of Our Lady of Lanka is a Roman Catholic church in Tewatte, Sri Lanka, with basilica rank. As a result of its location in a Colombo suburb, it falls within the jurisdiction of the Roman Catholic Archdiocese of Colombo and is a place of pilgrimage for Sri Lankan Catholics. The venerated statue of Our Lady of Lanka may be found in the church.",,https://media.timeout.com/images/105159761/750/422/image.jpg,"church, place of worship"
"All Saints' Church, Borella","All Saints' Church is a Sri Lankan Catholic church in Borella, Colombo. It is part of the Borella parish and is managed by the Roman Catholic Archdiocese of Colombo.",,https://www.allsaintsgalle.org/images/Image02.jpg,"church, place of worship"
"St. Sebastian's Church, Wellaweediya","St. Sebastian's Church, Negombo is a Roman Catholic church in Negombo, Sri Lanka. It is also known as St. Sebastian's Church, Wellaweediya. It is designed in the Gothic Revival style and is based on the Reims Cathedral in France. The city of Negombo's patron saint is Saint Sebastian.",,https://upload.wikimedia.org/wikipedia/commons/6/6a/Negombo_03.jpg,"church, place of worship"
St. Mary's Cathedral Trincomalee ,"St. Mary's Cathedral Trincomalee is a Roman Catholic cathedral in Trincomalee, Sri Lanka. It is one of Sri Lanka's nine Catholic cathedrals. St Marys St, Trincomalee, Sri Lanka is the address of St Mary's Cathedral Trincomalee.",,https://previews.123rf.com/images/mathess/mathess1810/mathess181000739/109858712-saint-mary-s-cathedral-in-trincomalee-sri-lanka.jpg,"church, place of worship"
"St. Anthony's Shrine, Kochchikade","St. Anthony's Shrine is a Roman Catholic church in Colombo, Sri Lanka's Archdiocese. The church is dedicated to Saint Anthony of Padua and is located in Kochchikade, Kotahena, Colombo 13. The church is a minor basilica and a national shrine.",,https://www.attractionsinsrilanka.com/wp-content/uploads/2019/08/St.-Anthony%E2%80%99s-Shrine-Kochchikade.jpg,"church, place of worship"
Shrine of our lady of madhu,"The Our Lady of Madhu Shrine, also known as Our Lady of the Rosary of Madhu, is a Roman Catholic Marian shrine in Sri Lanka's Mannar province. This shrine, which dates back over 400 years, serves as a place of pilgrimage and devotion for Sri Lankan Catholics. [1] The site is regarded the island's holiest Catholic shrine[2] and is a popular pilgrimage destination for both Tamil and Sinhalese Catholics.",,https://i0.wp.com/amazinglanka.com/wp/wp-content/uploads/2015/07/DSCF9927-1024x513.jpg?resize=605%2C303,"church, place of worship"
Shrine of our lady of Matara,"The Shrine of Our Lady of Matara is a Roman Catholic church in Matara, Sri Lanka, dedicated to the Virgin Mary. A statue of the Virgin Mary cradling the child Jesus can be found in the shrine. The origins of the monument are uncertain, but church officials claim it is 400 years old.",,https://bmkltsly13vb.compat.objectstorage.ap-mumbai-1.oraclecloud.com/cdn.dailymirror.lk/assets/uploads/image_2b27582fa0.jpg,"church, place of worship"
St. Anthony's Church,"The cathedral church of the Roman Catholic Diocese of Kandy at Wahacotte is St. Anthony's Church or St. Anthony's Shrine. The church is dedicated to Saint Anthony and is located in Wahacotte, in the Matale District, some 32 kilometers (20 miles) north of Matale. The church is a national shrine and one of Sri Lanka's most significant pilgrimage sites for Catholics.",,https://lankainformation.lk/media/k2/items/cache/7ead6714de263a5cb87d02f7a7ac9bf7_XL.jpg,"church, place of worship"
"St. Sebastian's Cathedral, Mannar","St. Sebastian's Cathedral is that the seat of the Roman Catholic jurisdiction of Mannar placed in Mannar, Sri Lanka.",,https://media.timeout.com/images/104719693/750/422/image.jpg,"church, place of worship"
Al Abrar mosque,"Al Abrar Mosque or Masjidul Abrar Jumma Mosque, is a mosque in Beruwala, Sri Lanka, which is claimed to be the first and the oldest mosque in the country. The mosque purportedly dates back to 920 AD, built by Arab merchants who arrived here to trade with locals in spices, ginger and steel in route to China.",,https://abrarmasjid.com/wp-content/uploads/2020/12/oldest-mosque-sri-lanka.jpg,"mosque, place of worship"
Ketchchimalai Mosque,"Ketchchimalai Mosque, also known as Ketchimalai Dharga, is located on a headland overlooking the port of Beruwala, on the southwest coast of Sri Lanka. It is one of the oldest mosques in the country. According to local folklore, the mosque is built at the spot where the first Muslim Arab traders landed and subsequently settled in the area.",,https://www.tlc.lk/wp-content/uploads/2017/08/TLClk_Kechimalai-CSP23565439.jpg,"mosque, place of worship"
Jami Ul-Alfar Mosque,"Jami Ul-Alfar Mosque is a historic mosque in Colombo, Sri Lanka. It is located on Second Cross Street in Pettah. The mosque is one of the oldest mosques in Colombo and a popular tourist site in the city.",,https://driversinsrilanka.com/wp-content/uploads/2019/02/Jami-Ul-Alfar-Mosque.jpg,"mosque, place of worship"
Grand Mosque of Colombo,The mosque has a documented history that goes back over 500 years. The earliest European reference to the mosque appears in a description from November 1505 when the commander of a Portuguese expedition anchored in Colombo bay.,,https://dynamic-media-cdn.tripadvisor.com/media/photo-o/0e/af/34/02/colombo-grand-mosque.jpg?w=1200&h=-1&s=1,"mosque, place of worship"
Meeran Jumma Mosque,"The Meeran Jumma Mosque commonly known as Galle Fort Mosque, is a mosque located within Galle Fort, Southern Province. The mosque was constructed in a mixture of Victorian/Baroque architecture styles, with Islamic detailing.",,https://www.srilankatrips.com/wnw-images/uploads/1485178027.jpgmin.jpg,"mosque, place of worship"
Adam's Peak,"At 2,244 meters, Adam's Peak is Sri Lanka's fourth tallest mountain, located 40 kilometers northeast of Ratnapura. The Sri Pada, also known as Adam's Peak, is a significant pilgrimage site. The footprint on the peak, according to Buddhists, is that of Lord Buddha himself. Despite the fact that climbing the summit takes about 5 hours, members of different religions do so on a daily basis to seek blessings. Samanala Kanda, or Butterfly Mountain, is another name for the mountain.",,https://media.tacdn.com/media/attractions-splice-spp-674x446/09/23/78/0f.jpg,"mountain, hiking, hill, rock, cliff, place of worship"
Pidurangala,"Pidurangala is a large rock  in Sri Lanka  located a few kilometers north of Sigiriya. There is a fascinating history associated with the Sigiriya Rock Fortress. Tourists usually miss it because it's not so spectacular and much harder to climb.Monks have populated the Pidurangala area on and off for for two thousand five hundred years. When King Kasyapa erected Sigiriya, a newly restored and enlarged temple and monastery in the heart of the island, it rose to prominence.",,https://www.attractionsinsrilanka.com/wp-content/uploads/2019/09/Pidurangala-Rock.jpg,"mountain, hiking, hill, rock, cliff"
Kirigalpoththa,"Kirigalpotta is Sri Lanka's second tallest peak, standing at 2,388 meters (7,835 feet) above sea level. It is also the country's highest mountain whose summit is accessible to the general public (the highest point, Pidurutalagala, is occupied by a military base and off-limits to the public). The mountain is located in the Nuwara Eliya District, near the city of Nuwara Eliya.",,https://alchetron.com/cdn/kirigalpotta-43dd210c-1ed3-4be1-b89f-b984d0fc3b4-resize-750.jpg,"mountain, hiking, hill, rock, cliff"
Rassagala,"Rassagala, also known as Rajagala (The Monarch's Rock) or Rajagalathenna, is a rocky and heavily forested peak located 1,038 feet (316 m) above sea level in a sparsely populated portion of Sri Lanka's Eastern Province, with significant archaeological significance. The Rajagala archaeological complex, which covers 1,600 acres, is only second to the Mihintale monastery in Anuradhapura (650 ha; 2.5 sq mi). There are around 600 prehistoric ruins, monuments, and artifacts on the site, with nearly 100 of them being ancient stupas.",,https://lankawebserver.com/wp-content/uploads/2020/12/rassagala7.jpg,"mountain, hiking, hill, rock, cliff"
Namunukula,"Namunukula is a mountain in Sri Lanka's Badulla District, near the Moneragala District. Namunukula's main summit rises to a height of roughly 6600 feet. The town of Namunukula is located between Badulla, Ella, and Passara. In the uplands, it is well-known as a good observation point. Badulla town, Passara or Badalkumbura, and Ella town are the main entry points to Namunukula.",,https://www.attractionsinsrilanka.com/wp-content/uploads/2019/09/Namunukula-Mountain-Range.jpg,"mountain, hiking, hill, rock, cliff"
Pidurutalagala,"At 2,524 meters, Pidurutalagala (Sinhala) is Sri Lanka's tallest peak (8,281 ft). It is located to the north-northeast of Nuwara Eliya. Its summit is home to Sri Lanka's government and armed forces, and it is a key component of the country's radar system.",,https://splendorofsl.files.wordpress.com/2012/08/1326107247234.jpg,"mountain, hiking, hill, rock, cliff"
Hakgala,"Hakgala is a mountain in Sri Lanka's Nuwara Eliya district that rises to 2,169 meters (7,116 feet) above sea level and is covered in forest belonging to the Hakgala Strict Nature Reserve. The Hakgala Botanical Garden is located on the Hakgala Mountain's northeastern slope. Because the southwestern half of the mountain faces directly to the southwest Monsoon, it has a wetter environment than the northeastern slope.",,https://www.attractionsinsrilanka.com/wp-content/uploads/2020/07/Hakgala-Mountain.jpg,"mountain, hiking, hill, rock, cliff"
Totapolakanda,"Totapolakanda (additionally Thotupolakanda or Thotupola Kanda), is the 0.33 maximum mountain in Sri Lanka located in Nuwara Eliya district 2,357 m (7,733 ft) above suggest sea level.[1] The mountain is positioned in the Horton Plains National Park. A path to the pinnacle of the mountain, approximately kilometres long, begins offevolved some metres farfar from the Pattipola front to the Horton Plains National Park.",,https://deepintosrilanka.com/wp-content/uploads/2019/12/t3.jpg,"mountain, hiking, hill, rock, cliff"
Gongala,"Gongala is a picturesque mountain class located on the Deniyaya Rakwana road on the border of the southern and Sabaragamu provinces, opposite the small Kandy light in the south. With a height of about 4455 feet, Gongala is Sri Lanka's 15th highest peak. Gongala hill is a separate mountain range from the Sinharaja forest, and it's called Gongala because it's shaped like a large rock on a bull's head.",,https://lankawebserver.com/wp-content/uploads/2020/08/gongala-deniyaya13-1.jpg,"mountain, hiking, hill, rock, cliff"
Galagiriya mountain,"Galgiriya Peak is a remote mountain in Sri Lanka's Kurunegala District. The mountain, which stands at 478 meters, is the 7th tallest in the North Western province and the 212th highest in Sri Lanka. Galgiriya Mountain is distinguished by its 7-kilometer length, which sets it apart from other isolated mountains in the area.",,https://upload.wikimedia.org/wikipedia/commons/5/5a/Galgiriya_Mountain.jpg,"mountain, hiking, hill, rock, cliff"
Gommolikanda,"Gonmollikanda is Sri Lanka's 13th highest peak, standing at 2,034 meters (6,673 feet) above sea level. The mountain's name comes from Sri Lanka's original language, Sinhala, since the mountain's peak resembles a bull's hump. The word 'Gommolliya' means 'bull's humps' in Sinhala. Balathoduwa, another well-known mountain peak, is also close to Gommolli Kanda.",,https://www.attractionsinsrilanka.com/wp-content/uploads/2020/04/Gommolli-Kanda-1.jpg,"mountain, hiking, hill, rock, cliff"
Bible rock,"Bible Rock (Batalegala in Sinhala) is a peak near Aranayake in the central Sri Lankan district of Kegalle. The ""Bible Rock"" gets its name from the fact that its surface resembles a book or bible. It resembles the more famous Sigiriya citadel, which is located further north, due to its distinctive flat top surface.",,https://www.thingstodosrilanka.com/wp-content/uploads/2020/08/bathalegala-bible-rock.jpg,"mountain, hiking, hill, rock, cliff"
Kudahagala mountain,"Kudahagala Mountain, also known as Agrabopat Hill, is Sri Lanka's fourth highest peak. It's believed to have climbed to a height of 2320 meters (7,612 feet). The peak is visible from the Horton Plains National Park and is near to the Nuwara Eliya District.It's exactly 5 kilometers from Horton Plains' main entrance. The climb to the top of the mountain takes roughly two hours.",,https://www.holidify.com/images/cmsuploads/compressed/Ella_Gap_Valley_dramatic_clouds_over_mountains_of_Sri_Lanka_20200113145904.jpg,"mountain, hiking, hill, rock, cliff"
Mahakudagala,"Mahakudagala is a mountain in Sri Lanka's Nuwara Eliya District. It's about 11 kilometers north of Nuwara Eliya, and it's the 10th tallest peak in Sri Lanka, alongside One Tree Hill, with a summit elevation of 2,100 meters. Mahakudagala is one of the range's eastern spurs and is part of the Narangala mountain range.",,https://media-cdn.tripadvisor.com/media/photo-s/1b/46/27/bf/mahakudagala-narangala.jpg,"mountain, hiking, hill, rock, cliff"
Kikilmana,"Kikilimana (sometimes spelled Kikiliyamana) is a mountain in Sri Lanka's Central Province. After Pidurutalagala (2,524 m), Kirigalpotta (2,395 m), Totapolakanda (2,357 m), Kudahagala (2,320 m), and Adam's Peak (2,320 m), it is the 6th tallest peak in Sri Lanka, with a summit elevation of 2,240 m (7,349 ft) (2,243 m). [1] The peak has a total area of 4,858.6 hectares (12,006 acres).",,https://www.lovidhu.com/uploads/posts-seo/2021/04/kikiliyamana-mountain-sri-lanka.jpg,"mountain, hiking, hill, rock, cliff"
The Sigiriya Rock Fortness,"Sigiriya is an old rock castle and palace that stands magnificently 660 feet straight up, erected by King Kashyapa between 473 and 495. It's in Sri Lanka's central province, near the town of Dambulla, in the northern Matale district. The Lion's Rock, also known as Sigiriya or Sinhagiri, is reached by ascending 1200 steps to the Lion Rock Fortress on top of Sigiriya.",,https://upload.wikimedia.org/wikipedia/commons/4/4c/Beauty_of_Sigiriya_by_Binuka.jpg,"rock, mountain, hill"
Polonnaruwa Ancient City,Polonnaruwa Kingdom or the Ancient city of Polonnaruwa was the second capital of Sri Lanka for quite a long time between the eleventh to thirteenth century after the obliteration of Anuradhapura Kingdom in 993. It is situated in north focal area of Sri Lanka. Because of its archeological noticeable quality and the old innovative prevalence UNESCO announced Polonnaruwa as a World Heritage in 1982 under the name of Ancient City of Polonnaruwa.,,https://i.ytimg.com/vi/RjNkLpHtkhI/maxresdefault.jpg,"statue, ruins,stone carving"
Fortfied town of Galle,"Established in the sixteenth century by the Portuguese, Galle arrived at the stature of its advancement in the eighteenth century, before the appearance of the British. It is the best illustration of a strengthened city worked by Europeans in South and South-East Asia, showing the connection between European building styles and South Asian customs.",,https://www.lanka-excursions-holidays.com/uploads/4/0/2/1/40216937/galle-lighthouse-900_orig.jpg,"lighthouse, tower"
Dabulla Cave Temple,"Dambulla cave temple, commonly known as the Golden Temple of Dambulla, is a World Heritage Site in Sri Lanka that was declared a World Heritage Site in 1991. It is located in the country's central region. [1] This location is 148 kilometers east of Colombo, 72 kilometers north of Kandy, and 43 kilometers north of Matale. The cave temple complex at Dambulla is Sri Lanka's largest and best-preserved. The cliff rises 160 meters above the plains below it. In the surrounding area, there are more than 80 caverns known to exist. The caves contain statues and murals, and the major attractions are divided among five caves.",,https://destinationlesstravel.com/wp-content/uploads/2019/08/DSC_0428-1024x684.jpg,"statue, place of worship, temple"
Beliliena Cave,"Belilena is a well-known huge cave in Sri Lanka that is approximately 8 kilometers (5.0 miles) from Kitulgala. The site has evidence of prehistoric human presence dating back to 32,000 years ago. Paul E. P. Deraniyagala uncovered the skeletal remains of ten people and attributed them to Balangoda Man (Homo sapiens balangodensis). Balangoda Man is thought to have lived 32,000 years ago and inhabited high altitude regions up to 2,000 feet (609.6 meters) above sea level.",,https://www.lakpura.com/images/LK94009943-06-E.JPG,"hiking, mountain"
Fort Fredrick,"Fort Fredrick, also known as Trincomalee Fort or Fort of Triquillimale, is a Portuguese fort built on Swami Rock-Konamamalai from the ruins of the world-famous ancient Hindu Koneswaram temple in Trincomalee, Eastern Province, Sri Lanka, in 1624 CE (Temple of a Thousand Pillars). Under Phillip III, the Portuguese colonial Constantino de Sá de Noronha, who occupied the Jaffna kingdom and Malabar area on the island, the temple was destroyed.",,https://www.lakpura.com/images/LK94009901-03-E.JPG,"gate, building, ruins"
Embekke Devalaya,"Embekke Devalaya is arranged in Medapalata Korale of Udunuwara in Kandy area. This is a shielded spot used to rest during long journey or long excursions in antiquated long stretches of Sri Lanka. This Ambalama is supposed to be worked during A.D. 1341 - 1357 by the King Bhuwanekabhahu IV. Embekka Devalaya (Embekka Temple) was worked by the King Vikramabahu III of Gampola Era (AD 1357 - 1374) in Sri Lanka. The Devalaya is committed to Kataragama deviyo. A neighborhood god called Devatha Bandara is likewise loved at this site. The holy place comprises of three segments, the ""Sanctum of Garagha"", the ""Digge"" or ""Moving Hall"" and the ""Hevisi Mandapaya"" or the ""Drummers' Hall”.",,https://t4.ftcdn.net/jpg/02/94/08/23/360_F_294082319_vFJo2pEbJdLUPc7Rik7TDgXfr90uzUWk.jpg,temple
Mulkirigala Raja Maha Viharaya,"Mulkirigala Raja Maha Vihara (otherwise called Mulgirigala Raja Maha Vihara) is an old Buddhist sanctuary in Mulkirigala, Sri Lanka. It has been based on a 205 m (673 ft) high normal stone, encompassed with one more four rocks known as Benagala, Kondagala, Bisogala and Seelawathiegala. The sanctuary site is situated around 2 km (1.2 mi) from the Mulkirigala intersection and can be reached from either Dikwella or Tangalle towns.",,https://srilankafinder.com/wp-content/uploads/2017/10/Mulgirigala-Raja-Maha-Viharaya-1-700x500.jpg,"stone carving, temple, stupa, place of worship"
Buduruwagala Temple,"Buduruwagala is an old buddhist sanctuary in Sri Lanka. The perplexing comprises of seven sculptures and has a place with the Mahayana way of thinking. The sculptures date back to the tenth century. The huge Buddha sculpture actually bears hints of its unique stuccoed robe and a long dash of orange recommends it was once brilliantly painted. Buduruvagala is situated around 4 miles (6.4 km) southeast of Wellawaya in Monaragala region, Sri Lanka.",,https://dynamic-media-cdn.tripadvisor.com/media/photo-o/14/de/5a/ee/fast-17-m-hoch.jpg?w=1200&h=-1&s=1,"ruins, sculpture, building, rock, cliff"
Ramba Viharaya,"The Ramba Rajamaha Viharaya in Ruhuna is located near the village of Udarata on the Nonagama-Ratnapura Road, on the bank of the Walawe Ganga. Ambalantota is around 12.8 kilometers away. In the 11th century AD, Maha Nagakula was the capital of ancient Sri Lanka. The Ramba Viharaya was the Maha Nagakula City's temple, and during excavations, a huge amount of items were discovered. The Royal Temple of the time was the Ramba Viharaya.",,https://i1.wp.com/amazinglanka.com/wp/wp-content/uploads/2014/01/ambalanthota-055.jpg,"grave, cemetry, temple"
Ranmasu Uyana,"Ranmasu Uyana is a recreation area in Sri Lanka containing the old Magul Uyana (Royal Gardens). It is arranged near Isurumuni Vihara and Tissa Wewa in the old consecrated city of Anuradhapura, Sri Lanka. It sits on around 40 sections of land (16 ha), and is a prominent illustration of Sri Lankan garden engineering of the pre-Christian period. As per an engraving found in Vessagiriya, the water to the recreation area was provided by Tessa Wewa and afterward delivered to rice fields around Isurumuni Vihara.",,https://www.lankatraveldirectory.com/wp-content/uploads/2017/08/1512_Ranmasu-Uyana.jpg,ruins
Nagadeepa,"Nagadeepa is the most elevated place for Buddhists in the Northern Province of Sri Lanka. Nagadeepa is an island encircled by the ocean, around 32 km from the city of Jaffna. Nagadeepa hallowed region where the Supreme Buddha visited for the second time Dutugemunu, Saddhatissa and so on who administered in Sri Lanka history records that lords safeguarded and really focused on them during their rules.",,https://thumbs.dreamstime.com/b/temple-nagadeepaya-nainathive-island-s-hindu-buddhism-historical-place-historical-place-sri-lanka-133612919.jpg,"place of worship, temple"
Crescat Boulevard- Colombo,"Located in Colombo, Crescat Boulevard is one of the best places for Sri Lanka shopping. If you want to explore some of the best local brands, then this place should definitely be on your list. You’ll also find a lot of options where you can satiate your cravings for food. ",,https://cinnamonweb.blob.core.windows.net/cinnamonweb-prd/dining_wellness/Crescat-shopping-exp-1090X610.jpg,"shopping mall, mall, shopping"
Colombo City Center mall,"The Mall at Colombo City Centre represents the first step in an ambitious journey to transform the urban fabric of the Sri Lankan capital, and deliver world-class experiences that its denizens have long deserved. The opening of Sri Lanka’s largest shopping destination presents an opportunity for your brand to be a part of these historic moments as you join an exclusive selection of high-end local and international brands.",,https://www.colombocitycentre.lk/wp-content/uploads/2018/09/Arium-1170x658.jpg,"shopping mall, mall, shopping"
Orchid House- Galle,"the Orchid House located in Galle is a place to be! From marvelous handmade items like jewelry, clothing, tea and spices to natural spa products, books and other handicrafts, theres so much to shop here that you would surely not leave with a single bag.",,"https://img.traveltriangle.com/blog/wp-content/tr:w-700,h-400/uploads/2017/08/Orchid-House.jpg","retail, shop, store"
Barefoot- Colombo,"Colorful textiles, stylish clothes, and unique homeware – if this tickles your fancy much then Barefoot is the ideal boutique to visit for shopping places in Colombo. This luxury store is owned by renowned designer Barbara Sansoni whose intense love for color will surely make your shopping experience a treat for the eyes.",,https://www.lakpura.com/images/LK94009948-06-E.JPG,"retail, shop, store"
Kandy City Center,"Located in the heart of the city, Kandy city center is one of the largest shopping complexes in the entire country. Apart from the stylish clothing items, cosmetics, perfumes, shoes and accessories you can find in this store, you can also find some authentic items that serve as some great Sri Lankan souvenirs.",,https://media.timeout.com/images/102519255/image.jpg,"shopping mall, mall, shopping"
Arcade Independence Square- Colombo,"If high-end fashion is what you are looking for in Sri Lanka, then Arcade Independence Square is an iconic place to shop at. Not just a home to great lifestyle brands like Giordano, Nike, and Samsung, but this place is also a feast for the eyes if visited at night.",,https://msnarchitects.lk/wp-content/uploads/2016/10/DSC1796.jpg,"shopping mall, mall, shopping"
Laksala Colombo,"The only state owned handicrafts and souvenir boutique, Laksala is a top-notch place for shopping in Sri Lanka. It is known for its quality and value for money products. Irrespective of what you wish to buy, make sure you don’t skip this place at all! For cheap shopping in Colombo, do visit this place during your trip.",,https://media.timeout.com/images/101819933/750/422/image.jpg,"retail, shop, store"
One Galle Face mall- Colombo,"Colombo’s first prestigious shopping development. A premier retail, entertainment and dining paradise to unite local and global shoppers. For everyday dining, the high-quality themed food court will offer familiar international brands alongside the best of local flavours with something for every palate and pocket, ensuring an endless stream of activity passing through the mall.",,https://www.onegalleface.com/wp-content/uploads/2020/06/mallin2.jpg,"shopping mall, mall, shopping"
Marino mall- Colombo,"Marino Mall covers an impressive retail area in excess of 150,000 Square feet, featuring an array of renowned boutiques & specialty outlets, comprising local & international brands and certainly provides a unique & rewarding shopping experience we all yearn for.",,https://fastly.4sqi.net/img/general/600x600/73518283__YwNd0qbQ-5VFMHk2AR9shXa3eesgI61Qo8F5g4oUeY.jpg,"shopping mall, mall, shopping"
Liberty Plaza- Colombo,"Liberty Plaza is one of Sri Lanka’s iconic Complexes, with a history that traces back to the early 1980s.It was Sri Lanka’s first custom built shopping mall.",,https://media.timeout.com/images/101825727/750/422/image.jpg,"shopping mall, mall, shopping"
Majestic city- Colombo,"Of all the Sri Lanka shopping malls, Majestic City is the most popular pick for buying luxury products. These seven storey complex houses all the famous fashion, sports, and electronic brands for a unique shopping experience.",,https://blog.citrusleisure.com/wp-content/uploads/2020/03/70207453_2408685839400736_7096514693179469791_n-1024x1024.jpg,"shopping mall, mall, shopping"
Pallekale International  Stadium,"Pallekele International Cricket Stadium is a cricket stadium in Kandy, Sri Lanka. In July 2010, The Central Provincial Council in Kandy announced plans to rename the stadium to honour the legendary Sri Lankan cricketer Muttiah Muralitharan,[1] but hasn't officially done so yet. The stadium was opened on 27 November 2009 and became the 104th Test venue in the world in December 2010.",,https://upload.wikimedia.org/wikipedia/commons/thumb/3/38/Pallekele_International_Cricket_Stadium_Main_pavilion.jpg/1920px-Pallekele_International_Cricket_Stadium_Main_pavilion.jpg,"sport venue, stadium, arena"
Asgiriya Cricket Stadium,"Asgiriya Stadium is a cricket stadium situated in Kandy, Sri Lanka. Asgiriya Stadium is the private property of Trinity College, Kandy. It is around a 10-minute walk from the centre of the city. The venue would usually be used when an international team toured Sri Lanka for a Test Match. Asgiriya became Sri Lanka's the second Test venue, after the Paikiasothy Saravanamuttu Stadium, when it hosted Greg Chappell’s Australian cricket team in Sri Lanka in 1982–83",,https://www.attractionsinsrilanka.com/wp-content/uploads/2019/07/Asgiriya-International-Cricket-Stadium.jpg,"sport venue, stadium, arena"
Rangiri Dambulla Cricket Stadium,"Rangiri Dambulla International Cricket Stadium is a 16,800[1] seat cricket stadium in Sri Lanka. It is situated in the Central Province, close to Dambulla on a 60-acre (240,000 m2) site leased from the Rangiri Dambulla Temple, is the first and only International cricket ground in dry zone of Sri Lanka. The stadium is built overlooking the Dambulla Tank (reservoir) and the Dambulla Rock",,https://youimg1.tripcdn.com/target/ww0k1e000001ezubw4A5C_C_760_506.png,"sport venue, stadium, arena"
Colombo Cricket Ground,"Colombo Cricket Club Ground  is a multi-purpose stadium in Colombo, Sri Lanka. It is currently used mostly for domestic first-class cricket matches and for hosting warm up matches for touring teams. The stadium can hold 6,000 people and hosted its first Test match in 1984. It is one of the smallest test grounds in the world. Three Test matches have been held at the Colombo Cricket Club Ground.",,https://upload.wikimedia.org/wikipedia/commons/thumb/f/f6/Colombo_Cricket_Club_Ground_%285722787660%29.jpg/405px-Colombo_Cricket_Club_Ground_%285722787660%29.jpg,"sport venue, stadium, arena"
Galle Cricket Stadium,"Galle International Stadium is a cricket stadium in Galle, Sri Lanka, situated near Galle Fort and fringed on two sides by the Indian Ocean. It is considered to be one of the most picturesque cricket grounds in the world. Before being brought up to international cricket standards, it was known as 'The Esplanade', and is the home ground of the Galle Cricket Club. This Stadium is identified as one of the luckiest venues for the Sri Lankan national cricket team. ",,https://i.pinimg.com/564x/ce/9d/4a/ce9d4a12ff7dc9f70e4a7455462b0cf8.jpg,"sport venue, stadium, arena"
P.Sara Oval,"Pakiasothy Saravanamuttu Stadium Colombo Oval or P. Sara or simply PSS is a multi-purpose stadium in Colombo, Sri Lanka. It is currently used mostly for cricket matches. The stadium holds 15,000 and hosted its first Test match in 1982. It is named after Paikiasothy Saravanamuttu, a former civil servant and first President of the Board of Control for Cricket.[1][2][3] The venue is the home ground of the Tamil Union Cricket and Athletic Club. The P.Sara Oval hosts one Test match per year in Sri Lanka's summer Test calendar, but lost out to Pallekele International Cricket Stadium in 2011 to host Sri Lanka v Australia Tests.",,https://media.gettyimages.com/photos/general-view-of-play-during-the-tour-match-between-slc-board-xi-and-picture-id1211976077?s=612x612,"sport venue, stadium, arena"
SSC,"The Singhalese Sports Club Cricket Ground (SSC Cricket Ground) is one of the most famous cricket grounds in Sri Lanka, and the headquarters of Sri Lanka Cricket, the controlling body of cricket in Sri Lanka. The ground is sometimes described as ""the Lord's of Sri Lanka"", It hosts the most domestic finals and is an important international cricket venue. The ground staged its first Test in 1984 against New Zealand and its first One Day International in 1982 against England. The Sri Lankan team has an impressive record here. Out of 38 Tests played at the SSC as of January 2015, Sri Lanka has won 18 matches, and drawn 14, with only 6 losses. ",,https://visitcolombo.com/images/post/48/1425117202.jpg,"sport venue, stadium, arena"
De Soysa Stadium,"De Soysa Park Stadium (formerly known as Tyronne Fernando Stadium) is a multi-use stadium in Moratuwa, Sri Lanka. It is currently used mostly for cricket matches. The stadium holds 15,000 people and hosted its first Test match in 1992. The ground opened in 1940 and gained Test status in 1979. Moratuwa, located just eight miles (13 km) south of Colombo is renowned for its carpentry, cricket and its philanthropists. Indeed it was the most famous of these families that initiated the development of De Soysa Park Stadium, when they donated the 5 acre (20,000 sq m) plot of land to the Urban Council in 1940, to develop the Sports Complex. An additional 2 acres were sold under its market value by another member of the family. The ground was named De Soysa Park and subsequently used mainly for Moratuwa Sports Club (MSC) and school competitions. ",,https://lh5.googleusercontent.com/p/AF1QipO_IiuIpgW2YXfyAznX9OyJEaVxcU96_dHbavlR=w400-h300-k-no,"sport venue, stadium, arena"
R.Premadasa Stadium,"The R. Premadasa International Cricket Stadium (RPS) is a cricket stadium[1] on Khettarama Road, Maligawatta, Colombo, Sri Lanka. The stadium was, before June 1994, known as the Khettarama Cricket Stadium and is today one of the main venues where the Sri Lankan cricket team play, having hosted more than 100 one day international matches. It is the largest stadium in Sri Lanka with a capacity of 40000 spectators. It has hosted the 2012 ICC World Twenty20 finals between Sri Lanka and West Indies, 2002 ICC Champions Trophy finals between Sri Lanka and India and first semi final of the 2011 ICC Cricket World Cup between Sri Lanka and New Zealand. This was where the highest Test score in the history was recorded; 952 by Sri Lanka against India. With capacity exceeding The Lord's stadium in England, the stadium is known as the ""home of Sri Lankan cricket"".",,https://srilankacricket.lk/wp-content/uploads/2019/07/DSC1038-960x508.jpg,"sport venue, stadium, arena"
NCC Grounds,"Nondescripts Cricket Club Ground, a first-class cricket ground in Maitland Place, Colombo, is the home ground of the Nondescripts Cricket Club. The ground is in the Cinnamon Gardens district of Colombo, next to the Sinhalese Sports Club Ground and across Maitland Place from the Colombo Cricket Club Ground",,https://scontent.fcmb9-1.fna.fbcdn.net/v/t1.18169-9/302739_472498309455628_25611966_n.jpg?_nc_cat=107&ccb=1-5&_nc_sid=e3f864&_nc_ohc=qKzEb-04kb8AX8K0Xtv&_nc_ht=scontent.fcmb9-1.fna&oh=00_AT_5RZIshds03IqLFVyebsmT3f6dg6j0bzO0QpO_oxdNIQ&oe=6245BEE5,"sport venue, stadium, arena"
Sughatadasa Stadium,"Sugathadasa Stadium is a multi-purpose stadium in Colombo, Sri Lanka. It is currently used for football, rugby union, and athletics. The stadium holds 25,000 people and has an on-site hotel.",,https://snsca.gov.lk/wp-content/uploads/2015/10/08.jpg,"sport venue, stadium, arena"
Ruwanweli Maha seya,"The Ruwanweli Maha Seya, also known as the Mahathupa (the Great Thupa) is a stupa (a hemispherical structure containing relics) in Anuradhapura, Sri Lanka. Two quarts or one Dona of the Buddha's relics are enshrined in the stupa, making it the largest collection of his relics anywhere.",,https://mapio.net/images-p/25543374.jpg,"stupa, temple, place of worship"
Thuparamaya,"Thuparamaya is the first Buddhist temple that was constructed, after the arrival of mahinda thero(mahindagamanaya) in Sri Lanka. Located in the sacred area of Mahamewna park, the Thuparamaya Stupa is the earliest Dagoba to be constructed in the island, dating back to the reign of King Devanampiya Tissa.",,https://www.attractionsinsrilanka.com/wp-content/uploads/2020/09/Thuparamaya.jpg,"stupa, temple, place of worship"
Ridi Viharaya,"Ridi Viharaya or Silver Temple is a 2nd-century BCE Theravada Buddhist temple in the village of Ridigama, Sri Lanka. Built during the reign of Dutthagamani of Anuradhapura",,https://www.lanka-excursions-holidays.com/uploads/4/0/2/1/40216937/ridigama-1-900_orig.jpg,"stupa, temple, place of worship"
Abhayagiri Viharaya,"Abhayagiri, one of seventeen such religious units in Anuradhapura and the largest of its five major viharas. One of the focal points of the complex is an ancient stupa, the Abhayagiri Dagaba.",,https://media.timeout.com/images/105249480/750/422/image.jpg,"stupa, temple, place of worship"
Jetavanaramaya,"Jetavanaramaya at 122 metres (400 ft), previously the world's tallest stupa and now the third tallest structure in the world  was built by King Mahasena of Anuradhapura . He initiated the construction of the stupa following the destruction of the Mahaviharaya of Anuradhapura. ",,https://themiracleisland.com/images/sri-lanka-guide/ancient-temple/jetavanaramaya/02.jpg,"stupa, temple, place of worship"
Mirisawetiya Viharaya,"The Mirisaweti Stupa is a memorial building, a stupa, situated in the ancient city of Anuradhapura, Sri Lanka. King Dutugamunu (161 BC to 137 BC) built the Mirisaveti Stupa after defeating King Elara.",,https://www.attractionsinsrilanka.com/wp-content/uploads/2020/09/Mirisawetiya-Stupa.jpg,"stupa, temple, place of worship"
Lankaramaya,"Lankarama is a stupa built by King Valagamba, in an ancient place at Galhebakada in the ancient kingdom of Anuradhapura, Sri Lanka. Nothing is known about the ancient form of the stupa, and later this was renovated.",,https://www.themiracleisland.com/images/sri-lanka-guide/ancient-temple/lankarama/03.jpg,"stupa, temple, place of worship"
Sela Chaithya,"Sela Chaithya is one of the 16 main places of worship or Solosmasthana and is situated to the west of Jetavanaramaya in the ancient sacred city of Anuradhapura, Sri Lanka. This was constructed by King Lajjitissa who ruled in the 1st century BC.",,https://lh3.googleusercontent.com/p/AF1QipNXd9KNFbksVdt8m2VZ-tL6zpOG992PBRKwt8_0=s1600-w400,"stupa, temple, place of worship"
Somawathiya Chaithya,"The Somawathiya Chaithya is a Buddhist Stupa situated in the ancient city of Polonnaruwa, Sri Lanka. Chaitya premises is called the Somawathiya Rajamaha Viharaya. The Somawathiya Chaithya is located within the Somawathiya National Park on the left bank of the Mahaweli River.",,https://www.lankatraveldirectory.com/wp-content/uploads/2018/04/Somawathiya-Stupa-2.jpg,"stupa, temple, place of worship"
Tissamaharamaya,"The Tissamaharama Raja Maha Vihara is an ancient Buddhist temple in Tissamaharama, Southern Province of Sri Lanka. It was one of the four major Buddhist monasteries established in Sri Lanka, after the arrival of Arhant Mahinda Thera to the country.",,https://www.mustseespots.com/sri-lanka/img/tissamaharama-raja-maha-vihara.jpg,"stupa, temple, place of worship"
Kiri Vehera Polonnaruwa,"This large stupa known as the Kiri Vehera of Polonnaruwa, lying north of Lankathilaka Pilima Ge is said to be built by a queen of king Parakramabahu called “Subadra”. The original name of this has been “Rupavathi Stupa”.",,https://www.lankatraveldirectory.com/wp-content/uploads/2017/10/1770_Kiri-Vehera-Ancient-City-of-Polonnaruwa.jpg,"stupa, temple, place of worship"
Kiri Vehera Kataragama,"This stupa probably dates back to the 3rd century BC and is believed to have been built by King Mahasena, a regional ruler of Kataragama area. One of the most popular Buddhist pilgrimage sites in the country, Kiri Vehera is among the Solosmasthana, the 16 most sacred Buddhist pilgrimage sites of ancient Sri Lanka.",,https://www.tsemrinpoche.com/wp-content/uploads/2017/06/Kiri01.jpg,"stupa, temple, place of worship"
Kotmale Mahaweli Maha Seya,The stupa was built in commemoration of over 50 submerged temples and the people who lost their properties as a consequence of the Mahaweli Development programme in the early 1980s.,,https://i0.wp.com/amazinglanka.com/wp/wp-content/uploads/2013/12/1242.jpg?fit=800%2C518&ssl=1,"stupa, temple, place of worship"
Sandahiru Seya,The stupa was built in commemoration of the fallen war heroes of the Sri Lanka Armed Forces in Sri Lankan Civil War which was ended in 2009. This is the largest dagoba built in Sri Lanka after the construction of the Jethavanaramaya in Anuradhapura by King Mahasen.,,https://uploads.ceylontoday.lk/images/2021/11/iXthhDgYqXoJkSWm5ngvTEKKeFp2IHAc.jpg,"stupa, temple, place of worship"
