{
  "project_info": {
    "project_number": "513212380158",
    "firebase_url": "https://travel-lk-42841-default-rtdb.asia-southeast1.firebasedatabase.app",
    "project_id": "travel-lk-42841",
    "storage_bucket": "travel-lk-42841.appspot.com"
  },
  "client": [
    {
      "client_info": {
        "mobilesdk_app_id": "1:513212380158:android:7a6a9208c708a8accf46af",
        "android_client_info": {
          "package_name": "com.example.testinggraphapi"
        }
      },
      "oauth_client": [
        {
          "client_id": "513212380158-s878aftlrsmjormvc5kbj4e7kraecd49.apps.googleusercontent.com",
          "client_type": 3
        }
      ],
      "api_key": [
        {
          "current_key": "AIzaSyAUsp0ZgLCxASWSGTjKnurrRnN3bRKgGYE"
        }
      ],
      "services": {
        "appinvite_service": {
          "other_platform_oauth_client": [
            {
              "client_id": "513212380158-s878aftlrsmjormvc5kbj4e7kraecd49.apps.googleusercontent.com",
              "client_type": 3
            }
          ]
        }
      }
    }
  ],
  "configuration_version": "1"
}